,team,Player,K,A,D,KAST,ADR,Rating,Best Rating,Most Kills,Most Damage,Most Assists,Most AWP Kills,Most First Kills
0,1620 Kings,cookie,25,7,9,82.6%,123.7,1.90,1.90,25,123.7,7,14,
1,Paradox,chelleos,21,5,16,78.3%,89.9,1.43,1.43,21,,,8,6
2,1shot,Synyx,18,0,20,52.2%,85.0,0.89,,,,,,
3,1shot,faydett,24,5,13,88.0%,102.5,1.51,1.51,,,,,
4,DBL PONEY,afro,26,3,13,75.0%,96.1,1.55,1.55,26,,,11,
5,Into the Breach,CYPHER,33,3,20,75.0%,123.6,1.79,1.79,33,123.6,,,10
6,1shot,GreK,28,2,18,76.7%,93.0,1.44,,,,,,
7,Nemiga,boX,40,2,28,70.7%,105.0,1.52,1.52,40,105.0,,,14
8,SAW,arki,24,5,14,80.0%,94.1,1.53,1.53,24,94.1,,,
9,SAW,MUTiRiS,24,11,21,80.0%,105.0,1.41,1.41,,105.0,,,6
10,1shot,FpSSS,28,9,27,61.1%,85.0,1.17,,,,,,8
11,1WIN,flamie,14,5,17,65.2%,77.2,0.97,,,,,,
12,1WIN,TRAVIS,19,5,18,61.5%,83.1,1.08,,,,5,,
13,1WIN,glowiing,27,2,19,73.3%,77.3,1.22,,27,,,,
14,Eternal Fire,Calyx,38,8,37,67.9%,78.3,1.08,,,,,,9
15,GamerLegion,eraa,23,5,12,63.0%,82.7,1.44,1.44,,,,19,6
16,HEET,bodyy,27,6,14,76.9%,105.3,1.63,1.63,27,105.3,,,
17,1WIN,TRAVIS,31,4,21,72.4%,103.8,1.49,1.49,31,103.8,,,6
18,Los Reyes,Patti,17,3,18,56.0%,82.6,1.05,,,,,,
19,1WIN,glowiing,26,7,20,71.4%,105.6,1.32,,,105.6,,,
20,1WIN,deko,30,5,21,80.6%,76.6,1.24,,,,,,
21,1WIN,glowiing,12,6,16,65.0%,85.3,0.89,,,,6,,
22,1WIN,glowiing,20,5,15,76.0%,100.4,1.36,,,,5,,
23,Sprout,Marix,31,3,28,69.4%,83.7,1.11,,,,,,6
24,equipa,JennyR,27,7,23,70.0%,93.9,1.26,1.26,27,93.9,,,6
25,equipa,KILLITAST,26,7,17,76.0%,114.6,1.58,1.58,26,114.6,,13,7
26,Galaxy Racer fe,twenty3,24,4,7,84.2%,107.3,2.11,2.11,24,,,,6
27,KOVA,uli,29,4,24,77.8%,84.8,1.20,,,,,,
28,KOVA,Twixie,42,8,29,73.8%,102.8,1.43,,42,,,,
29,Dignitas,hallzerk,23,3,19,73.3%,76.5,1.26,,,,,17,8
30,Enterprise,The eLiVe,24,3,17,80.8%,97.5,1.43,,,,,,
31,777,H4RR3,21,7,9,94.7%,118.5,1.85,1.85,21,118.5,6,,
32,777,Ruyter,26,6,22,76.7%,96.3,1.28,,,96.3,,,
33,777,H4RR3,40,6,36,79.2%,93.9,1.21,,,,,,
34,1620 Kings,cookie,34,2,17,79.3%,110.4,1.68,1.68,34,110.4,,15,
35,8Ballers,Kobe,13,4,15,60.0%,72.5,0.91,,,,3,,
36,ECSTATIC,Daffu,28,3,22,74.1%,96.8,1.24,,,,,,
37,ECSTATIC,WolfY,31,4,18,82.9%,79.5,1.42,1.42,31,,,16,6
38,Entropiq,El1an,27,1,18,75.0%,89.0,1.35,,,,,13,5
39,AGO,mhL,22,8,15,84.0%,86.8,1.30,,,86.8,,15,
40,AGO,kRaSnaL,25,4,23,83.3%,76.2,1.15,,25,,,,
41,AGO,leman,19,4,18,76.0%,93.1,1.17,,,,,,
42,AGO,mwlky,17,1,16,65.0%,84.0,1.14,,,,,9,6
43,InControl,spek,22,8,19,76.0%,102.7,1.49,1.49,,102.7,8,,7
44,InControl,arcade,23,11,24,70.0%,107.1,1.29,,,,,,6
45,all aim no name,Cyrix,18,2,14,81.8%,87.1,1.28,,,,,8,
46,all aim no name,Slugy,18,3,18,65.0%,104.2,1.22,,,,,,
47,all aim no name,Cyrix,28,3,21,70.4%,95.1,1.33,1.33,28,95.1,,13,
48,RIP Kobe,nero,21,2,20,79.2%,90.1,1.30,,,,,10,6
49,AVE,Porya,21,5,13,79.2%,100.0,1.51,1.51,21,100.0,5,,
50,Ambush,wasiNk,23,10,20,74.1%,107.1,1.41,1.41,,107.1,,,6
51,Ambush,SoneSb,24,3,11,100.0%,135.0,2.09,2.09,24,135.0,,,
52,FTW,ewjerkz,21,2,11,69.6%,102.6,1.51,1.51,21,102.6,,,
53,Ambush,SIXER,21,4,15,81.5%,81.9,1.22,,,,,16,
54,Nexus,XELLOW,21,7,14,68.0%,87.9,1.40,1.40,,,4,,5
55,Nexus,lauNX,22,2,13,73.9%,101.1,1.55,1.55,22,101.1,,,
56,AGO,Grashog,16,3,16,70.8%,71.8,1.04,,,,,,
57,Anonymo,innocent,20,8,12,100.0%,106.1,1.55,1.55,,106.1,,,
58,ex-Coalesce,Girafffe,22,4,19,75.9%,84.1,1.09,,,,,,
59,ex-Coalesce,Ping,17,1,12,85.0%,75.3,1.41,1.41,,,,,5
60,BLINK,juanflatroo,30,1,23,65.5%,100.8,1.43,,,,,,10
61,Apeks,STYKO,17,5,20,73.1%,86.8,1.00,,,,,,
62,Apeks,STYKO,14,6,19,76.0%,83.0,1.00,,,,,,
63,Apeks,nawwk,30,2,18,65.5%,99.9,1.39,1.39,30,99.9,,17,
64,Apeks,chawzyyy,19,9,10,90.5%,122.2,1.74,1.74,,122.2,9,,5
65,Apeks,jkaem,25,2,11,90.0%,116.8,1.82,1.82,25,116.8,,,
66,fnatic,Brollan,20,3,17,82.8%,88.5,1.33,1.33,20,88.5,,,5
67,GamerLegion,iM,20,3,17,71.4%,80.1,1.14,,,,,,
68,Apeks,jkaem,23,5,14,83.3%,112.5,1.57,1.57,23,112.5,,,
69,Apeks,STYKO,21,5,13,68.0%,90.4,1.40,1.40,,,,,5
70,Apeks,nawwk,22,2,8,75.0%,105.0,1.78,1.78,22,105.0,,14,5
71,SKADE,dennyslaw,20,2,12,76.9%,72.7,1.36,1.36,20,,,14,6
72,SKADE,dennyslaw,23,6,14,78.6%,88.3,1.50,1.50,,,,12,
73,Apeks,nawwk,27,5,14,74.1%,95.4,1.53,1.53,27,,,19,
74,Apeks,AcilioN,28,9,12,76.0%,123.9,1.85,1.85,28,123.9,6,,
75,1shot,FpSSS,25,4,16,85.7%,97.3,1.58,1.58,,97.3,,15,6
76,1shot,Get_Jeka,25,7,13,85.2%,108.4,1.67,1.67,,108.4,7,,
77,BIG Academy,prosus,23,8,18,79.2%,119.4,1.58,1.58,23,119.4,8,,
78,Astralis Talent,Altekz,22,6,13,90.9%,107.5,1.74,1.74,22,107.5,,,4
79,Astralis Talent,Altekz,22,6,13,90.9%,107.5,1.74,1.74,22,107.5,,,4
80,Astralis Talent,vigg0,14,4,16,76.5%,96.4,1.07,,,,,,
81,NAVI Junior,headtr1ck,30,5,14,82.1%,104.8,1.62,1.62,30,104.8,,,
82,NAVI Junior,headtr1ck,22,5,19,76.9%,99.4,1.21,,,,,,
83,Young Ninjas,phzy,20,4,12,79.2%,81.9,1.45,1.45,,,,,
84,Young Ninjas,Sapec,19,5,20,78.6%,85.9,1.18,,,,,,
85,Astralis,gla1ve,28,5,17,72.4%,108.6,1.46,1.46,28,108.6,,,
86,Astralis,gla1ve,23,7,8,88.9%,123.2,1.94,1.94,23,123.2,,,
87,Astralis,gla1ve,27,9,22,77.1%,104.4,1.32,1.32,,104.4,,,
88,Astralis,blameF,33,7,21,73.2%,82.7,1.27,,,,,,
89,Astralis,blameF,33,7,21,73.2%,82.7,1.27,,,,,,
90,Astralis,k0nfig,24,4,20,86.2%,88.2,1.33,1.33,,,,,7
91,Natus Vincere,s1mple,28,5,23,69.4%,76.9,1.13,,,,,22,
92,NIP,hampus,20,4,17,50.0%,85.5,1.22,,,,,,
93,Vitality,ZywOo,29,5,8,90.9%,138.4,2.25,2.25,29,138.4,5,,
94,ATK,truth,18,3,18,70.8%,77.5,1.03,,,,,,
95,ChocoCheck,cJ,19,7,15,72.0%,92.4,1.38,1.38,,,,,5
96,Party Astronauts,PwnAlone,27,1,16,81.5%,88.1,1.43,1.43,27,,,11,
97,ATK,motm,21,1,21,55.6%,73.6,0.98,,,,,,
98,ATK,MisteM,32,5,15,77.8%,114.2,1.75,1.75,32,114.2,,,
99,ATK,b0denmaster,19,6,7,90.5%,96.3,1.74,1.74,,,,14,6
100,ATK,b0denmaster,51,5,32,69.8%,95.5,1.43,1.43,51,95.5,,45,
101,AVANGAR,FinigaN,31,4,23,68.6%,104.0,1.33,1.33,,104.0,,,
102,Tricked,kwezz,20,7,20,73.3%,78.3,1.13,,,,,,
103,AVE,svyat,22,2,7,90.0%,115.8,1.87,1.87,22,115.8,,,4
104,AVE,sugaR,26,5,20,85.7%,92.6,1.39,1.39,,,,,
105,AVE,sugaR,29,3,20,74.3%,72.5,1.17,1.17,,,,,
106,EC Kyiv,Smash,46,7,42,70.4%,89.6,1.21,,,,,,
107,B8,Hkta,17,5,17,73.9%,81.3,1.09,,,,,,
108,B8,r1nkle,22,3,13,81.8%,104.8,1.53,1.53,22,104.8,,8,
109,B8,Hkta,32,7,27,75.0%,97.5,1.37,,,97.5,,,8
110,B8,r1nkle,28,10,22,75.9%,93.5,1.40,1.40,28,,,18,9
111,OFFSET,RIZZZ,11,2,19,66.7%,61.5,0.74,,,,,,
112,B8,DemQQ,25,4,13,85.0%,129.8,1.82,1.82,25,129.8,,,
113,B8,cptkurtka023,19,3,10,84.2%,105.3,1.59,1.59,,105.3,,,4
114,B8,r1nkle,26,3,5,100.0%,140.7,2.51,2.51,26,140.7,,23,9
115,B8,r1nkle,28,3,13,87.0%,118.7,1.98,1.98,28,118.7,,16,6
116,B8,DemQQ,20,5,22,64.0%,94.4,1.08,,,94.4,,,
117,B8,r1nkle,28,6,15,84.0%,111.5,1.80,1.80,28,111.5,,20,7
118,B8,r1nkle,25,4,15,76.9%,98.5,1.47,,,,,,
119,ATK,truth,24,4,12,78.3%,102.5,1.76,1.76,24,102.5,,,7
120,BOOZOOMERS,Cooper,23,1,16,70.4%,79.5,1.24,,,,,16,
121,BOOZOOMERS,hate,14,7,21,60.9%,75.9,0.90,,,,,,
122,Bad News Bears,Swisher,31,5,22,61.1%,83.1,1.26,1.26,31,,,,6
123,Bad News Bears,junior,14,3,13,77.3%,62.4,0.98,,,,,8,
124,RBG,HexT,25,3,17,81.5%,102.2,1.53,1.53,25,102.2,,,5
125,RBG,chop,25,7,17,75.9%,98.9,1.38,1.38,25,98.9,,,
126,Strife,J0LZ,12,1,19,54.5%,75.8,0.81,,,,,,
127,Triumph,grape,29,6,25,73.5%,94.5,1.20,1.20,29,94.5,,,
128,Astralis Talent,vigg0,24,9,21,72.4%,90.5,1.21,,,,,,
129,BIG Academy,Aqua,16,5,17,70.0%,100.3,1.06,,,,,,
130,BIG Academy,s1n,18,5,22,81.5%,83.4,1.14,,,,,,
131,BIG Academy,prosus,19,12,21,85.7%,95.9,1.33,1.33,,95.9,12,,
132,Into the Breach,Adam9130,23,4,12,75.0%,102.1,1.52,1.52,23,102.1,,,
133,NAVI Junior,headtr1ck,18,5,15,71.4%,106.5,1.43,,,,,,
134,SINNERS,forsyy,22,0,15,72.4%,78.5,1.24,,,,,16,
135,BIG Academy,prosus,29,6,18,70.0%,92.9,1.36,1.36,,,,,
136,Big Chillin,Munk,22,5,11,83.3%,93.8,1.52,1.52,,,,12,4
137,Big Chillin,hate,26,7,22,80.8%,105.2,1.30,,26,105.2,,,
138,Complexity,Grim,22,1,18,76.9%,85.0,1.22,,22,,,,
139,Entropiq,Forester,26,3,14,75.9%,82.0,1.37,1.37,26,,,,
140,Entropiq,Lack1,26,4,22,66.7%,91.8,1.30,,,91.8,,,7
141,fnatic,ALEX,19,5,18,82.6%,83.3,1.21,,,,,,
142,fnatic,smooya,19,4,18,85.7%,63.2,1.12,,,,,,
143,Gambit,Ax1Le,23,3,13,76.2%,108.5,1.65,1.65,23,108.5,,,
144,K23,n0rb3r7,21,3,13,71.4%,69.3,1.26,,,,,,
145,K23,neaLaN,13,2,15,60.0%,65.5,0.98,,,,,,
146,NIP,Plopski,21,6,14,76.0%,82.8,1.30,1.30,,,,,
147,Stars Horizon,vLa,23,5,18,62.1%,84.7,1.18,,,,,,
148,Black Dragons,detr0ittJ,28,10,17,73.3%,106.6,1.50,1.50,28,106.6,,,
149,BLINK,sinnopsyy,24,6,21,60.7%,106.6,1.27,,24,106.6,,,
150,BLINK,sinnopsyy,22,5,16,91.3%,113.0,1.55,1.55,,113.0,5,,
151,Entropiq,NickelBack,25,3,22,79.3%,84.7,1.19,,,,,,
152,Entropiq,NickelBack,22,8,14,76.0%,97.6,1.41,1.41,,97.6,6,,
153,Eternal Fire,xfl0ud,23,3,21,63.3%,79.6,1.10,,,,,,
154,BLINK,gxx-,23,4,10,86.4%,89.4,1.55,1.55,23,,,8,
155,BLINK,SENER1,23,7,7,86.4%,106.0,1.80,1.80,23,,5,,
156,BLINK,SENER1,24,4,15,75.9%,77.5,1.24,,,,,,
157,Sprout,slaxz-,27,4,19,86.2%,102.6,1.52,,,,,22,7
158,BLINK,sinnopsyy,14,1,16,68.4%,85.1,0.96,,,,,,
159,Copenhagen Flames,nicoodoz,33,2,15,75.9%,111.0,1.81,1.81,33,111.0,,18,8
160,Dignitas,Lekr0,24,7,13,81.0%,122.5,1.96,1.96,24,122.5,6,,7
161,Dignitas,HEAP,31,5,19,72.4%,102.9,1.50,1.50,31,102.9,,,
162,BLUEJAYS,kyxsan,24,6,21,64.3%,100.7,1.31,1.31,,100.7,,,
163,BLUEJAYS,aidKiT,18,6,8,94.7%,104.7,1.76,1.76,,104.7,5,,5
164,forZe,Jerry,18,4,18,73.1%,81.0,1.09,,,,,,
165,forZe,shalfey,29,5,19,75.0%,72.5,1.25,,,,,,
166,K23,n0rb3r7,25,3,20,70.0%,93.0,1.29,1.29,25,,,,5
167,BOOZOOMERS,fl0m,23,2,19,74.1%,89.7,1.25,,,,,,
168,Moon,Ton,23,6,19,81.5%,96.8,1.25,,23,96.8,,,
169,Goliath,zox,20,2,11,80.8%,74.5,1.42,1.42,,,,,
170,Brazen,Izik,22,4,19,72.4%,84.4,1.17,,,,,,
171,Kinship,garfield,16,4,16,75.0%,112.0,1.22,,,,,,
172,Valors,Pluto,32,10,20,80.0%,135.7,1.75,1.75,32,135.7,10,,
173,Valors,droid,21,5,11,83.3%,90.6,1.48,1.48,,,,,
174,voLante,garret,25,0,17,65.2%,97.4,1.26,,25,,,,
175,NKT,XigN,19,3,20,70.8%,100.4,1.18,,,100.4,,,
176,Renewal,rate,25,6,16,73.3%,96.5,1.40,,,,,,
177,Steel Helmet,xiaosaGe,23,5,19,82.6%,112.9,1.45,,,,5,,
178,Checkmate,cool4st,23,7,21,76.0%,97.6,1.34,,23,,,7,6
179,Checkmate,cool4st,29,7,17,76.0%,117.5,1.75,1.75,29,117.5,6,12,7
180,ViCi,JamYoung,22,5,18,82.8%,85.5,1.23,1.23,,,,,
181,Bad News Bears,Bwills,19,6,9,88.9%,115.8,1.91,1.91,,115.8,5,,
182,ChocoCheck,CLASIA,24,8,11,91.3%,106.6,1.80,1.80,24,106.6,5,,
183,ChocoCheck,CLASIA,12,3,15,70.0%,65.4,0.84,,,,,,
184,MongolZ,N20AmZ,24,3,20,72.0%,102.5,1.39,,,102.5,,,
185,ChocoCheck,JazzPimp,15,4,17,61.9%,84.5,0.95,,,,,7,
186,ChocoCheck,XotiC,47,9,30,67.9%,85.6,1.35,1.35,,,,37,
187,Party Astronauts,PwnAlone,21,2,17,63.0%,75.1,1.11,,,,,4,
188,Party Astronauts,PwnAlone,28,4,16,86.7%,88.9,1.50,1.50,28,,,18,6
189,RBG,chop,17,1,18,57.1%,69.0,0.94,,,,,,
190,ChocoCheck,cJ,25,6,17,80.0%,89.2,1.34,1.34,25,89.2,,,
191,ChocoCheck,XotiC,17,3,18,62.5%,90.4,1.00,,,,,,
192,ChocoCheck,jeorgesnorts,27,5,10,90.9%,129.2,1.85,1.85,27,129.2,,,
193,Villainous,REAL,24,3,11,91.7%,94.2,1.69,1.69,,,,,
194,CLG Red,di^,25,3,12,70.8%,84.6,1.47,1.47,25,,,15,
195,CLG Red,Emy,34,4,14,96.0%,116.8,2.00,2.00,34,116.8,,,6
196,ECSTATIC,FASHR,44,3,29,76.2%,106.9,1.53,1.53,44,106.9,,,11
197,G2,NiKo,32,2,17,64.3%,123.9,1.73,1.73,32,123.9,,,
198,Gambit,interz,27,10,29,77.1%,79.6,1.09,,,,,,
199,Conquer,Jimpphat,30,5,17,78.6%,113.9,1.58,1.58,30,113.9,,,
200,BLINK,juanflatroo,33,5,13,84.6%,128.2,1.94,1.94,33,128.2,,,
201,Copenhagen Flames,roeJ,35,7,22,76.5%,100.7,1.53,1.53,35,100.7,,,9
202,Copenhagen Flames,nicoodoz,37,7,31,65.9%,79.7,1.16,,37,,,24,
203,Copenhagen Flames,jabbi,22,6,12,86.4%,110.5,1.67,1.67,,,,,
204,Copenhagen Flames,Zyphon,19,5,16,75.0%,83.0,1.28,,,,,,
205,K23,fame,27,6,12,80.0%,100.1,1.59,1.59,27,100.1,,,
206,Copenhagen Flames,jabbi,20,1,15,56.0%,86.7,1.19,,,,,,
207,Copenhagen Flames,jabbi,30,1,12,80.0%,110.8,1.79,1.79,30,110.8,,,
208,Copenhagen Flames,nicoodoz,26,6,14,81.5%,95.7,1.53,1.53,26,95.7,,21,
209,Copenhagen Flames,roeJ,25,4,20,71.4%,98.1,1.28,,25,98.1,,,
210,Young Ninjas,ztr,9,2,17,50.0%,56.9,0.79,,,,,,
211,PACT,reatz,29,6,23,77.1%,85.4,1.28,,,,,,
212,PACT,bnox,27,7,18,76.7%,95.0,1.36,1.36,27,,,,
213,Liberty fe,MIZZY,26,6,13,91.3%,110.8,1.82,1.82,26,110.8,,,4
214,cs,Wilky,25,0,22,63.3%,81.4,1.09,,,,,,
215,1shot,faydett,29,4,16,65.4%,120.1,1.59,1.59,29,120.1,,,
216,ECLOT,K1-FiDa,22,7,19,65.5%,83.3,1.14,,,,,,
217,DBL PONEY,Lucky,24,4,19,71.4%,95.3,1.21,,,,,,
218,DBL PONEY,Ex3rcice,25,2,19,76.9%,99.8,1.30,,,,,,
219,DBL PONEY,afro,24,5,11,78.9%,133.0,1.91,1.91,24,133.0,,17,5
220,Big Chillin,Munk,13,1,17,45.5%,57.3,0.78,,,,,,
221,Brazen,pengnax,21,2,20,69.0%,72.8,1.01,,,,,,
222,Strife,SATURN,24,11,15,83.3%,130.1,1.83,1.83,24,130.1,11,,
223,Detonate,Ghostii,13,3,17,66.7%,78.6,0.91,,,,,,
224,Detonate,Ghostii,23,9,19,71.4%,96.3,1.33,1.33,23,96.3,8,,5
225,Dignitas,hallzerk,33,7,19,79.4%,94.5,1.49,1.49,33,,,22,
226,Dignitas,hallzerk,33,7,19,79.4%,94.5,1.49,1.49,33,,,22,
227,BIG Academy,Krimbo,20,6,15,63.0%,81.8,1.18,,,,,,
228,Dignitas,HEAP,26,2,17,77.8%,89.1,1.39,1.39,26,,,,
229,Dignitas,Lekr0,24,5,19,75.0%,106.4,1.31,,,,,,
230,Dignitas,Lekr0,19,9,12,78.3%,105.2,1.46,1.46,,105.2,,,
231,Dignitas,f0rest,26,2,18,75.9%,85.1,1.26,,,,,,
232,Dignitas,hallzerk,29,8,21,72.4%,97.1,1.39,1.39,29,97.1,,13,5
233,Dignitas,f0rest,20,5,19,71.4%,91.4,1.22,,,,,,
234,Dignitas,Lekr0,13,3,13,63.2%,79.1,0.98,,,,,,
235,Dignitas,hallzerk,27,3,22,68.6%,67.7,1.10,,,,,18,
236,Dignitas,HEAP,16,4,17,60.9%,80.5,0.92,,,,,,
237,Dignitas,HEAP,21,4,22,62.1%,84.0,1.04,,,,,,
238,Sprout,Spiidi,27,14,20,70.0%,110.1,1.57,1.57,27,110.1,12,,7
239,Dignitas,Lekr0,26,4,12,87.0%,111.9,1.74,1.74,26,111.9,,,5
240,Dignitas,hallzerk,29,9,17,80.0%,102.7,1.61,1.61,29,102.7,,17,9
241,ChocoCheck,CLASIA,21,5,14,79.2%,90.5,1.45,1.45,21,,,,
242,Party Astronauts,PwnAlone,23,6,14,75.0%,96.3,1.54,1.54,23,96.3,,,
243,DNG,BELCHONOKK,22,7,10,85.0%,127.2,1.92,1.92,22,127.2,5,,6
244,Doge Soldiers,Wonderful_Y,20,8,12,73.9%,108.0,1.50,1.50,,108.0,7,,
245,Doge Soldiers,Ao-,23,4,7,92.3%,80.6,1.58,1.58,,,,,
246,UNGENTIUM,MICHU,25,3,14,66.7%,100.5,1.54,1.54,25,100.5,,,
247,KappaB,Karma,26,4,14,74.1%,91.8,1.50,1.50,26,91.8,,15,
248,EC Brugge,matty,23,5,18,76.9%,95.5,1.38,,23,95.5,,,8
249,EC Brugge,Stev0se,24,6,12,79.2%,89.8,1.55,1.55,24,,,,6
250,Apeks,AcilioN,24,3,15,84.0%,96.9,1.63,1.63,24,96.9,,,8
251,EC Kyiv,Smash,40,6,33,72.9%,80.8,1.23,1.23,40,,,,
252,EC Kyiv,Smash,23,1,17,64.0%,86.6,1.24,,,,,,6
253,Doge Soldiers,Sergiz,19,7,15,69.2%,86.1,1.18,,,,,,
254,Doge Soldiers,Qweall,22,4,22,60.7%,83.3,1.10,,,,,,
255,Finest,mar,28,5,14,88.0%,106.0,1.67,1.67,28,106.0,,,
256,Finest,anarkez,17,5,20,70.8%,77.2,1.06,,,,,,5
257,GamerLegion,iM,22,5,15,76.0%,102.0,1.45,1.45,,102.0,,,
258,EC Kyiv,uQlutzavr,15,4,16,73.9%,79.7,1.04,,,,,,
259,EC Kyiv,amster,23,7,20,76.7%,84.7,1.22,,,,,,
260,EC Kyiv,uQlutzavr,20,3,21,70.8%,85.4,1.06,,,,,,
261,Sestri,Woro2k,26,6,19,76.7%,103.2,1.36,1.36,26,103.2,,,
262,Sestri,Malkiss,12,0,16,73.7%,69.6,0.90,,,,,,
263,Wisla Krakow,Sobol,26,5,18,88.9%,105.9,1.60,1.60,26,105.9,,,
264,ECLOT,Valencio,37,2,26,71.4%,102.8,1.41,1.41,37,102.8,,,6
265,ECSTATIC,WolfY,25,1,14,65.5%,76.4,1.33,,,,,13,
266,ECSTATIC,FASHR,30,1,14,80.8%,106.7,1.79,1.79,30,106.7,,,9
267,ECSTATIC,birdfromsky,24,11,6,95.0%,125.8,2.21,2.21,24,125.8,10,,
268,ECSTATIC,FASHR,20,8,20,77.8%,101.1,1.22,,,101.1,7,,
269,Entropiq,Lack1,23,8,13,95.2%,113.6,1.85,1.85,23,113.6,6,,4
270,ECSTATIC,FASHR,33,4,26,66.7%,85.0,1.17,,,,,,
271,K23,fame,17,9,20,81.5%,92.6,1.07,,,,8,,
272,ECSTATIC,WolfY,23,2,16,90.0%,71.4,1.31,1.31,,,,16,
273,K23,fame,21,4,9,81.8%,89.2,1.63,1.63,21,89.2,,,
274,ECSTATIC,birdfromsky,24,6,26,64.7%,77.2,1.09,,,,,,
275,Nexus,BTN,20,4,17,70.4%,69.6,1.09,,,,,,
276,Redragon,proSHOW,26,3,10,87.0%,102.4,1.95,1.95,26,102.4,,16,7
277,ELEVATE,supLex,28,6,25,77.8%,87.0,1.17,,,87.0,,,
278,ELEVATE,naitte,14,4,14,63.6%,73.2,1.06,,,,,,
279,1WIN,deko,27,4,11,91.7%,118.3,2.02,2.02,27,118.3,,18,9
280,1WIN,deko,24,3,19,66.7%,92.6,1.20,,,,,,
281,Apeks,STYKO,12,4,19,63.6%,67.3,0.87,,,,4,,
282,Apeks,AcilioN,32,4,19,75.0%,112.5,1.72,1.72,32,112.5,,,7
283,Endpoint,Thomas,22,4,12,89.5%,124.8,1.78,1.78,22,124.8,,,5
284,K23,fame,18,2,19,80.0%,86.7,1.10,,,,,,
285,SKADE,Rainwaker,32,7,26,73.8%,83.5,1.24,1.24,32,83.5,,,
286,Endpoint,BOROS,32,8,21,76.9%,131.0,1.78,1.78,32,131.0,7,,
287,Endpoint,BOROS,34,1,15,88.0%,119.1,1.84,1.84,34,119.1,,,
288,Wisla Krakow,jedqr,12,3,15,61.1%,81.6,0.99,,,,,,
289,777,mikki,17,3,19,73.1%,78.2,1.05,,,,,9,
290,Enterprise,manguss,22,1,18,70.4%,72.7,1.12,,,,,,
291,Enterprise,The eLiVe,25,7,21,66.7%,82.8,1.15,,,,,,
292,777,Ruyter,18,6,18,82.8%,79.6,1.17,,,,6,,6
293,AVANGAR,fozil,32,2,12,83.3%,102.9,1.79,1.79,32,,,,8
294,AVANGAR,FinigaN,22,8,14,76.0%,93.0,1.46,1.46,,,,,
295,ECSTATIC,FASHR,18,3,18,79.2%,76.4,1.08,,,,,,4
296,ECSTATIC,WolfY,21,6,5,85.0%,105.2,1.90,1.90,21,105.2,,13,
297,Entropiq,El1an,19,4,12,75.0%,96.4,1.50,1.50,,96.4,4,12,
298,Enterprise,NIO,27,6,18,67.9%,83.8,1.19,,,,,,
299,Finest,mar,15,4,17,68.0%,70.5,1.11,,,,,,5
300,Enterprise,MATYS,25,0,18,69.2%,94.8,1.50,,,,,,10
301,Enterprise,MATYS,19,9,20,73.1%,96.1,1.13,,,,6,,
302,Enterprise,MATYS,21,10,17,70.0%,81.5,1.14,,,,,,
303,HEET,bodyy,18,4,8,88.9%,97.5,1.86,1.86,,97.5,,,5
304,Enterprise,manguss,22,4,10,90.9%,109.7,1.63,1.63,22,109.7,4,,
305,Enterprise,The eLiVe,24,8,11,86.4%,123.6,1.88,1.88,24,123.6,6,,5
306,Enterprise,MATYS,37,8,29,72.5%,106.2,1.49,1.49,37,106.2,,,11
307,B8,DemQQ,16,0,17,56.5%,76.9,1.00,,,,,,4
308,Entropiq Prague,KWERTZZ,19,8,14,88.5%,77.0,1.27,1.27,,,,,
309,Entropiq Prague,MoriiSko,18,1,16,70.8%,77.4,1.15,,,,,13,6
310,1WIN,Polt,25,6,19,69.0%,93.4,1.27,1.27,25,93.4,,,
311,Entropiq,El1an,26,1,18,72.4%,79.7,1.27,,,,,12,6
312,Astralis,blameF,19,4,19,58.3%,78.8,1.00,,,,,,
313,Astralis,Lucky,20,6,21,69.0%,77.4,1.09,,,,,,
314,Entropiq,El1an,25,7,15,72.4%,97.0,1.48,,,,,,6
315,Entropiq,El1an,33,10,24,77.1%,98.4,1.37,1.37,33,98.4,,,6
316,BLUEJAYS,dan1,19,6,14,80.8%,79.2,1.34,1.34,,,5,,
317,Entropiq,Forester,36,10,29,75.0%,95.7,1.33,1.33,,95.7,,,
318,ECSTATIC,FASHR,21,5,15,86.4%,103.3,1.55,1.55,21,103.3,,,
319,Entropiq,Krad,26,7,7,95.2%,119.2,2.06,2.06,26,,7,,
320,Entropiq,Krad,27,6,20,74.1%,104.0,1.37,,27,,,,5
321,Entropiq,Lack1,22,9,11,84.0%,100.3,1.61,1.61,22,100.3,7,,4
322,Gambit,sh1ro,21,2,7,95.7%,84.1,1.59,1.59,21,,,,
323,Entropiq,El1an,29,4,17,83.3%,86.3,1.41,1.41,29,,,16,
324,Entropiq,NickelBack,15,4,15,52.4%,74.4,0.98,,,,,,
325,Gambit,sh1ro,22,8,15,75.0%,81.0,1.26,1.26,22,81.0,,13,
326,GamerLegion,iM,18,3,17,65.5%,65.8,0.98,,,,,,
327,Entropiq,NickelBack,24,5,21,69.0%,99.6,1.24,,,,,,
328,Entropiq,Forester,23,8,11,88.0%,109.3,1.63,1.63,23,109.3,,,
329,Sprout,faveN,30,4,18,80.0%,95.3,1.41,1.41,30,,,,
330,Entropiq,Forester,25,2,18,65.5%,92.9,1.26,1.26,25,92.9,,,
331,equipa,JennyR,30,6,12,80.8%,95.6,1.60,1.60,30,95.6,,,
332,Eros,BeaKie,25,4,15,92.3%,98.8,1.51,1.51,25,98.8,,,
333,Party Astronauts,PwnAlone,27,8,14,80.0%,97.9,1.60,1.60,27,97.9,,,
334,Eros,omniscient,23,7,20,75.0%,80.5,1.21,,,,,,
335,BIG Academy,s1n,30,4,19,76.7%,93.0,1.48,1.48,30,,,,8
336,BIG Academy,Krimbo,24,7,11,84.0%,107.4,1.65,1.65,24,107.4,,,
337,BIG Academy,prosus,26,4,19,82.1%,94.2,1.35,1.35,26,94.2,,,5
338,BIG Academy,prosus,28,5,17,79.3%,100.2,1.59,1.59,28,100.2,,,6
339,Finest,kreaz,24,8,19,67.9%,107.0,1.39,1.39,,107.0,8,,
340,eSuba,sAvana1,29,4,17,85.2%,112.7,1.63,1.63,29,112.7,,,
341,eSuba,sAvana1,20,8,10,90.0%,125.5,1.85,1.85,20,125.5,8,,6
342,OneTap,ADRON,33,3,16,82.8%,98.8,1.61,1.61,33,,,,
343,SAW,MUTiRiS,31,3,15,92.3%,112.5,1.83,1.83,31,112.5,,,
344,FURIA Academy,kauez,26,4,20,65.5%,97.8,1.34,1.34,26,97.8,,,5
345,MOUZ NXT,mhL,25,8,12,89.3%,94.6,1.58,1.58,25,94.6,,20,
346,Eternal Fire Academy,Kenshin,24,1,15,75.0%,77.4,1.31,,,,,,
347,Eternal Fire Academy,colorzz,11,0,14,61.1%,71.7,0.75,,,,,,
348,VP.Prodigy,lom1k,20,4,20,75.0%,88.2,1.13,,,,,,
349,Eternal Fire Academy,Kenshin,13,1,13,66.7%,67.1,0.85,,,,,,
350,Eternal Fire,XANTARES,31,6,19,71.4%,120.7,1.68,1.68,31,120.7,5,,7
351,Eternal Fire,XANTARES,20,6,19,59.3%,86.2,1.08,,,86.2,,,
352,Eternal Fire,imoRR,26,7,15,91.3%,124.8,1.87,1.87,26,124.8,,,
353,Eternal Fire,woxic,27,9,15,79.2%,108.4,1.61,1.61,27,108.4,,20,
354,Copenhagen Flames,roeJ,18,6,17,71.4%,102.6,1.24,,,,,,
355,Copenhagen Flames,jabbi,27,7,16,68.0%,127.2,1.68,1.68,27,127.2,6,,
356,Dignitas,friberg,24,7,21,64.3%,94.9,1.28,1.28,,94.9,,,
357,Eternal Fire,XANTARES,24,1,22,60.7%,85.9,1.16,,,,,,6
358,Eternal Fire,XANTARES,27,4,13,85.7%,98.4,1.77,1.77,27,98.4,,,10
359,Eternal Fire,woxic,24,4,15,88.0%,92.5,1.49,1.49,24,,,14,6
360,Eternal Fire,XANTARES,31,3,11,83.3%,131.6,1.90,1.90,31,131.6,,,
361,Eternal Fire,XANTARES,24,4,17,82.1%,87.7,1.49,1.49,,,,,7
362,ex-Coalesce,arTisT,28,3,17,85.2%,98.7,1.63,1.63,28,,,15,10
363,AVE,sugaR,20,7,16,89.7%,96.9,1.37,1.37,,96.9,7,,
364,Entropiq Prague,KWERTZZ,32,2,12,78.6%,108.7,1.81,1.81,32,108.7,,,6
365,FTW,DDias,20,2,11,82.4%,119.6,1.83,1.83,20,119.6,,,
366,Exalty,Snobling,23,2,16,73.9%,107.4,1.42,,,107.4,,,
367,EC Brugge,matty,25,6,20,65.5%,91.3,1.19,,,,6,,
368,eXploit,Shr,25,7,13,88.0%,100.0,1.64,1.64,25,100.0,7,,
369,Bad News Bears,junior,19,1,17,60.0%,75.2,1.18,,,,,13,6
370,ChocoCheck,jeorgesnorts,22,8,23,69.0%,82.0,1.07,,,,,,4
371,Party Astronauts,cynic,28,2,16,75.0%,90.2,1.39,,,,,,
372,Party Astronauts,Infinite,29,1,20,66.7%,109.5,1.61,1.61,,109.5,,,
373,FaZe,broky,28,0,19,72.2%,64.0,1.20,,28,,,17,
374,Vitality,ZywOo,31,9,20,79.4%,92.6,1.39,1.39,31,92.6,,,
375,Vitality,ZywOo,26,4,17,69.2%,95.6,1.46,,,,,,5
376,777,mikki,27,9,23,66.7%,77.1,1.18,,,,,,
377,Finest,shokz,39,5,28,69.0%,90.7,1.27,,39,,,,
378,Finest,shokz,22,3,16,70.4%,86.2,1.25,,,,,,
379,Finest,kreaz,29,4,16,84.6%,110.5,1.74,1.74,29,110.5,,,8
380,Entropiq,Lack1,25,6,16,67.9%,92.2,1.42,1.42,,,,,
381,Entropiq,Krad,30,6,18,83.3%,115.6,1.62,1.62,30,115.6,,,
382,Finest,mar,23,1,9,90.9%,96.9,1.62,1.62,23,96.9,,,
383,Finest,anarkez,21,3,20,65.5%,70.6,0.95,,,,,,
384,Sprout,Staehr,24,3,15,70.8%,106.8,1.55,1.55,24,106.8,,,4
385,Tricked,kwezz,18,2,13,80.0%,81.7,1.28,1.28,,,,,
386,Tricked,larsen,25,4,13,82.1%,98.6,1.61,1.61,25,98.6,,17,
387,Finest,anarkez,25,6,20,73.3%,80.7,1.27,1.27,,,,20,
388,AGO,kRaSnaL,28,3,18,76.7%,93.9,1.52,1.52,28,93.9,,,8
389,AGO,F1KU,31,5,19,80.0%,90.1,1.32,,,,,,
390,Astralis Talent,brzer,26,3,19,63.3%,94.3,1.31,,,94.3,,,7
391,Astralis Talent,Fessor,25,9,19,76.7%,91.3,1.33,1.33,,,,,
392,fnatic Rising,Banjo,36,5,25,77.8%,101.9,1.54,1.54,36,101.9,,,8
393,BLINK,juanflatroo,18,2,15,72.7%,90.4,1.23,,,,,,
394,Lynn Vision,Starry,20,5,15,78.3%,93.7,1.35,,,93.7,,,
395,NAVI Junior,headtr1ck,20,5,22,76.7%,86.4,1.18,1.18,,86.4,,,
396,Young Ninjas,ztr,15,4,17,63.2%,72.7,0.94,,,,,,
397,fnatic,mezii,25,9,18,65.5%,95.2,1.22,,,,,,
398,Astralis,blameF,17,6,19,72.4%,69.4,1.03,,,,,,
399,fnatic,Brollan,31,8,23,69.4%,93.7,1.38,1.38,31,93.7,,,9
400,forZe,shalfey,21,4,8,90.0%,96.2,1.75,1.75,21,,4,,
401,Copenhagen Flames,jabbi,17,3,20,65.4%,81.9,1.01,,,,,,
402,Entropiq Prague,leckr,23,2,22,74.1%,89.0,1.16,,,,,,
403,Finest,kreaz,11,1,18,50.0%,66.7,0.70,,,,,,
404,HEET,bodyy,24,8,12,82.6%,115.3,1.73,1.73,24,115.3,5,,
405,Fourth Quarter,Seb,17,1,15,68.0%,73.2,1.00,,,,,,
406,Fourth Quarter,Seb,29,5,17,76.0%,109.9,1.56,,29,,,,
407,DBL PONEY,afro,23,2,19,62.1%,76.1,1.18,,,,,,
408,DBL PONEY,bodyy,28,5,16,84.0%,120.6,1.73,1.73,28,120.6,,,4
409,all aim no name,MoMo,28,3,17,75.0%,124.1,1.74,1.74,28,124.1,,,
410,Omega,LukeK,29,5,19,75.9%,101.1,1.48,,,,,,
411,Omega,gir,23,5,17,79.2%,104.1,1.53,1.53,,104.1,,,
412,FTW,ewjerkz,27,2,15,70.4%,91.1,1.44,1.44,27,,,,4
413,FTW,Ag1l,27,8,13,83.3%,106.8,1.63,1.63,27,106.8,,,
414,eXploit,rafaxF,24,5,15,64.3%,83.9,1.36,1.36,,,,17,5
415,eXploit,Shr,31,5,29,66.7%,98.2,1.22,,,98.2,,,
416,FTW,ewjerkz,27,4,15,79.2%,97.7,1.47,1.47,27,97.7,,,
417,Wisla Krakow,Sobol,24,7,12,83.3%,89.6,1.49,1.49,24,,,,
418,Eternal Fire Academy,colorzz,19,2,18,71.4%,81.6,1.16,1.16,,81.6,,,6
419,MOUZ NXT,szejn,25,5,18,82.1%,97.8,1.51,1.51,,,,,7
420,Spirit Academy,KaiR0N-,25,9,17,70.8%,126.2,1.61,1.61,25,126.2,9,,
421,VP.Prodigy,r3salt,24,9,14,68.0%,104.0,1.65,1.65,24,104.0,8,,5
422,FURIA Academy,zmb,14,5,17,63.6%,61.3,1.01,,,,,6,
423,FURIA,KSCERATO,17,1,15,68.2%,79.7,1.01,,,,,,
424,Natus Vincere,Perfecto,23,3,18,70.0%,76.6,1.19,,,,,,
425,G2,NiKo,34,4,17,70.0%,101.7,1.61,1.61,34,101.7,,,7
426,G2,NiKo,23,4,18,70.4%,106.4,1.36,1.36,23,106.4,,,7
427,G2,Aleksib,15,6,7,90.9%,83.1,1.50,1.50,,,,,
428,G2,NiKo,19,4,18,61.5%,90.8,1.19,,,,,,8
429,GAIJIN,Dementor,24,7,13,75.0%,112.2,1.64,1.64,24,112.2,,,
430,Galaxy Racer fe,tory,29,3,9,94.4%,158.7,2.48,2.48,29,158.7,,,6
431,Gambit,sh1ro,19,4,12,76.9%,69.4,1.30,1.30,,,,11,
432,Gambit,sh1ro,27,4,15,77.8%,99.4,1.62,,,,,12,6
433,Gambit,sh1ro,31,3,10,91.7%,108.8,1.95,1.95,31,108.8,,22,5
434,Entropiq,Forester,15,5,19,77.3%,69.5,1.01,,,,4,,
435,Liquid,NAF,19,2,17,66.7%,70.3,0.98,,,,,,
436,Liquid,Stewie2K,10,0,16,55.6%,71.1,0.74,,,,,,
437,Gambit,Ax1Le,26,3,15,74.1%,113.4,1.53,1.53,26,113.4,,,6
438,Gambit,HObbit,33,7,24,72.2%,93.1,1.24,,33,,,,
439,Ambush,SIXER,32,5,9,88.5%,115.1,1.94,1.94,32,115.1,,19,
440,Ambush,SoneSb,31,7,20,70.0%,110.7,1.50,1.50,31,110.7,,,
441,EC Brugge,matty,16,1,19,72.0%,62.4,0.98,,,,,,
442,VELOX,sausol,27,5,22,67.9%,100.7,1.22,,,100.7,,,
443,GamerLegion,RuStY,21,4,12,76.0%,82.4,1.33,1.33,21,,,,
444,GamerLegion,isak,29,6,21,75.0%,83.1,1.24,,,,,,
445,GamerLegion,eraa,23,6,20,70.0%,82.4,1.22,1.22,,,,19,8
446,GamerLegion,iM,14,4,15,77.3%,82.6,1.19,,,,,,7
447,GamerLegion,eraa,34,2,22,74.3%,103.6,1.46,1.46,34,103.6,,21,7
448,Enterprise,The eLiVe,17,4,19,77.3%,85.0,1.12,,,,,,
449,GamerLegion,isak,33,6,23,72.2%,90.2,1.30,,33,,,,
450,Eternal Fire,XANTARES,27,4,17,76.7%,93.3,1.47,1.47,,,,,6
451,K23,xsepower,19,3,10,77.3%,87.3,1.59,1.59,,,,18,
452,Savage,PlesseN,40,13,36,72.3%,108.8,1.34,1.34,40,108.8,12,,8
453,SKADE,SHiPZ,28,14,25,69.4%,92.9,1.25,,,,,,
454,GamerLegion,isak,29,8,24,75.0%,90.1,1.21,,,,,,
455,SKADE,SHiPZ,22,7,14,87.0%,108.1,1.68,1.68,22,108.1,7,,
456,Sprout,slaxz-,34,4,19,86.1%,81.1,1.36,1.36,34,,,20,
457,GamerLegion,iM,21,5,22,75.9%,79.1,1.14,,,,,,
458,GamerLegion,iM,23,4,18,88.9%,94.0,1.32,,23,,,,
459,Wisla Krakow,Sobol,24,5,11,83.3%,99.0,1.69,1.69,24,99.0,,,
460,Apeks,AcilioN,24,3,18,84.0%,95.6,1.43,1.43,24,95.6,,,5
461,Endpoint,CRUC1AL,23,4,15,75.9%,75.7,1.24,,,,,10,
462,Enterprise,ADEJIS,24,5,17,75.9%,90.3,1.42,1.42,24,90.3,,,
463,Enterprise,MATYS,47,8,34,74.5%,101.6,1.37,1.37,47,101.6,,,7
464,Savage,twist,30,3,16,82.1%,118.8,1.61,1.61,30,118.8,,,
465,Tricked,larsen,19,2,11,69.6%,85.8,1.48,1.48,19,,,11,6
466,Tricked,larsen,19,2,11,69.6%,85.8,1.48,1.48,19,,,11,6
467,GMT,RAiLWAY,26,9,19,76.7%,95.4,1.41,1.41,26,95.4,,,
468,Goliath,massacRe,30,5,16,75.0%,115.7,1.66,1.66,30,115.7,,,
469,B8,cptkurtka023,31,5,9,100.0%,157.8,2.63,2.63,31,157.8,5,,6
470,Dignitas,f0rest,26,4,18,80.0%,97.9,1.33,1.33,26,97.9,,,
471,Dignitas,Lekr0,32,4,19,83.3%,105.4,1.53,1.53,32,105.4,,,
472,LookingForOrg,Liki,23,3,20,76.7%,89.8,1.29,,,89.8,,,
473,HAVU,Aerial,21,2,19,80.0%,87.7,1.21,,,,,,
474,LookingForOrg,HaZR,31,1,14,81.8%,132.9,2.12,2.12,31,132.9,,,8
475,LookingForOrg,HaZR,27,2,10,100.0%,149.2,2.57,2.57,27,149.2,,,6
476,Hazard,supa,31,6,28,64.3%,88.0,1.09,,,,,,
477,Hazard,N1ghtraid,26,3,18,71.4%,94.4,1.42,,26,,,15,5
478,HEET,Ex3rcice,23,6,17,84.6%,79.2,1.23,,,,,,
479,AVE,svyat,42,11,36,77.4%,93.2,1.24,,,,9,,
480,HEET,Djoko,25,2,20,55.2%,85.8,1.19,,25,,,,
481,HEET,Lucky,30,6,16,77.8%,114.2,1.67,1.67,30,114.2,,,
482,HEET,Ex3rcice,16,3,17,62.5%,87.7,0.96,,,,,,
483,HEET,bodyy,19,9,21,70.6%,71.1,1.04,,,,,,
484,HEET,Ex3rcice,25,8,22,75.0%,80.7,1.20,,,,8,,
485,HellRaisers,w0nderful,21,4,14,80.0%,84.8,1.30,,,,,5,
486,Heroic,stavn,24,6,16,75.0%,100.9,1.36,1.36,24,100.9,,,
487,Natus Vincere,electroNic,35,2,24,73.5%,107.1,1.53,1.53,35,107.1,,,10
488,hxh,BLVCKM4GIC,24,7,22,65.5%,89.8,1.16,,,,,,
489,B8,cptkurtka023,22,8,16,86.4%,116.0,1.76,1.76,22,116.0,5,,8
490,okura,Woro2k,33,4,23,75.0%,91.0,1.31,1.31,33,91.0,,,
491,InControl,Andrew,22,4,17,76.2%,111.5,1.37,,,,,7,
492,all aim no name,MoMo,28,8,21,73.5%,92.5,1.32,1.32,,92.5,,,
493,Kinship Black,CLASIA,12,5,16,61.1%,76.8,0.83,,,,,,
494,Party Astronauts,ben1337,24,2,18,63.0%,86.9,1.26,,,,,,
495,DNG,BELCHONOKK,21,5,19,69.2%,105.5,1.31,1.31,,105.5,,,
496,DNG,Gospadarov,25,3,16,83.3%,104.2,1.48,,,,,,4
497,DNG,BELCHONOKK,24,4,22,65.5%,81.8,1.10,,,,,,
498,DNG,fix,27,3,20,72.4%,92.9,1.33,1.33,27,92.9,,,
499,Exalty,Snobling,33,11,16,84.6%,123.7,1.90,1.90,33,123.7,8,,
500,Exalty,Snobling,28,14,20,82.9%,101.0,1.44,1.44,,101.0,9,,
501,Into the Breach,CYPHER,23,5,21,70.0%,89.3,1.25,1.25,,,,,
502,Into the Breach,isk,21,6,13,62.1%,75.7,1.22,1.22,21,,,16,
503,1WIN,glowiing,16,5,17,69.6%,87.1,1.10,,,,3,,
504,1WIN,TRAVIS,26,5,13,80.0%,106.5,1.76,1.76,26,,,,5
505,Into the Breach,Adam9130,18,4,19,75.0%,84.0,1.21,,,,,,6
506,BIG Academy,Krimbo,23,9,19,76.0%,95.0,1.24,,23,,,,
507,BIG Academy,Krimbo,25,12,22,76.7%,109.8,1.32,,,109.8,8,,
508,Into the Breach,Tadpole,19,3,21,62.1%,84.9,0.99,,,,,,
509,EC Brugge,ritchiEE,24,4,21,70.4%,111.1,1.35,,,111.1,,,
510,EC Brugge,ritchiEE,24,5,19,76.9%,95.9,1.21,,,,,,
511,Entropiq,El1an,24,3,11,78.3%,91.4,1.55,1.55,24,,,12,
512,LDLC,Keoz,20,4,21,65.4%,87.0,1.17,,,,,,7
513,Into the Breach,isk,24,4,11,86.7%,80.2,1.46,1.46,24,80.2,,15,
514,Nexus,lauNX,30,7,18,89.3%,117.7,1.70,1.70,30,117.7,,,5
515,Into the Breach,CYPHER,31,5,22,79.3%,119.7,1.56,1.56,31,119.7,,,
516,PACT,reatz,16,2,19,56.0%,55.4,0.84,,,,,,
517,SAW,rmn,27,6,11,79.2%,124.4,1.82,1.82,27,124.4,,,
518,SAW,stadodo,21,4,14,80.8%,74.3,1.30,1.30,21,,,,
519,Astralis,blameF,22,3,9,91.7%,99.6,1.77,1.77,,,,,
520,Astralis,blameF,33,5,19,82.9%,104.3,1.54,1.54,33,104.3,,,
521,K23,fame,16,2,16,54.5%,56.1,0.88,,,,,,
522,K23,fame,28,0,8,91.7%,104.0,1.88,1.88,28,104.0,,,
523,K23,X5G7V,23,4,11,86.4%,126.1,1.71,1.71,23,126.1,,,
524,Copenhagen Flames,Zyphon,24,0,18,79.3%,69.9,1.25,1.25,24,,,,5
525,Dignitas,HEAP,21,2,13,84.6%,81.6,1.42,1.42,21,81.6,,,6
526,Dignitas,hallzerk,19,6,20,55.6%,74.5,0.93,,,,,,
527,ECSTATIC,FASHR,25,6,16,81.8%,128.7,1.84,1.84,25,128.7,6,,5
528,K23,X5G7V,23,2,19,73.3%,82.5,1.32,1.32,,,,,10
529,K23,neaLaN,19,1,17,60.0%,67.2,1.02,,,,,,
530,K23,neaLaN,28,6,19,79.3%,95.8,1.33,1.33,28,95.8,,,
531,HEET,bodyy,34,10,20,85.7%,102.0,1.54,1.54,34,102.0,,,
532,Heroic,refrezh,26,3,17,80.0%,95.5,1.29,,26,95.5,,,
533,Heroic,stavn,22,9,18,63.3%,82.9,1.15,,,,,,
534,MOUZ NXT,mhL,16,4,19,56.0%,70.8,0.88,,,,,,
535,SINNERS,NEOFRAG,20,2,14,79.2%,86.0,1.29,,,,,,
536,SINNERS,forsyy,24,4,15,70.0%,94.0,1.38,1.38,24,94.0,,,
537,SINNERS,forsyy,16,2,19,59.3%,69.7,0.93,,,,,,
538,SKADE,SHiPZ,27,4,22,74.1%,101.8,1.48,1.48,27,,,,10
539,SKADE,dennyslaw,27,10,23,74.3%,79.8,1.14,,,,8,,
540,Sprout,slaxz-,11,2,16,47.1%,65.2,0.71,,,,,6,
541,UNGENTIUM,GruBy,14,0,16,57.9%,61.3,0.81,,,,,,
542,KappaB,Karma,16,2,20,65.2%,75.9,0.91,,,,,,
543,KappaB,pupcake,31,2,25,70.6%,80.9,1.11,,31,,,,
544,Fourth Quarter,Gonzo,26,7,19,78.6%,104.7,1.54,1.54,26,104.7,5,,
545,Kinship Black,Cryptic,27,12,17,93.1%,107.3,1.64,1.64,27,107.3,9,,
546,Kinship Black,Cryptic,24,9,22,73.3%,95.6,1.29,1.29,24,95.6,,,5
547,Kinship,garfield,20,8,21,80.0%,95.0,1.17,,,,8,,
548,KOVA,Twixie,23,2,21,73.3%,74.4,1.16,,,,,,6
549,UNGENTIUM,m4tthi,20,7,13,77.3%,96.9,1.69,1.69,20,96.9,,12,5
550,LDLC,Maka,23,4,20,82.1%,87.7,1.22,,,,,,6
551,Nemiga,iDISBALANCE,25,4,14,82.1%,81.6,1.43,,,,,,
552,LDLC,SIXER,19,6,11,85.7%,115.0,1.66,1.66,,115.0,6,,5
553,LDLC,SIXER,14,3,15,66.7%,71.1,0.86,,,,,,
554,Conquer,Jimpphat,22,6,18,81.5%,93.3,1.28,,,,5,,
555,Liberty fe,josi,28,3,10,91.7%,97.9,1.72,1.72,28,97.9,,,
556,MIBR fe,LyttleZ,30,5,19,69.0%,107.7,1.49,1.49,30,107.7,,,
557,Liberty,skullz,14,3,15,61.1%,80.3,0.91,,,,,,
558,Liberty,dok,37,6,27,73.8%,81.9,1.31,1.31,37,,,,
559,Into the Breach,Adam9130,27,6,18,85.2%,104.6,1.54,1.54,27,104.6,,,
560,Linx Legacy,Ryxxo,25,4,19,76.7%,87.8,1.32,1.32,25,87.8,,,
561,SKADE,bubble,26,7,20,70.0%,101.0,1.39,1.39,26,101.0,,,6
562,Astralis,Xyp9x,20,4,16,44.0%,79.4,1.17,,,,,,
563,Evil Geniuses,RUSH,24,8,23,77.8%,83.8,1.18,,,,,,
564,FaZe,ropz,34,5,18,82.4%,102.3,1.60,1.60,34,102.3,,,
565,Liquid,NAF,22,4,15,72.4%,73.5,1.20,,,,,,
566,Natus Vincere,s1mple,22,6,16,73.1%,87.5,1.39,1.39,,,,12,6
567,CLG Red,Juli,27,7,12,95.5%,119.5,2.01,2.01,27,119.5,,,5
568,CLG Red,uhKelsie,21,2,11,91.7%,78.8,1.55,1.55,21,,,,
569,Eternal Fire,imoRR,19,2,8,78.9%,101.6,1.84,1.84,19,,,,
570,LookingForOrg,HaZR,22,5,12,89.5%,124.9,1.88,1.88,,124.9,,,5
571,LookingForOrg,Liki,21,6,16,89.7%,79.4,1.40,1.40,,,,,7
572,ORDER,Vexite,21,6,21,69.2%,88.1,1.18,,,88.1,,,5
573,Paradox,DannyG,20,4,19,68.0%,89.6,1.29,,,,,,7
574,Tricked,PR1mE,24,3,15,84.6%,105.7,1.64,1.64,24,105.7,,,9
575,Unique,smiley,25,11,11,76.0%,112.7,1.76,1.76,25,112.7,7,15,6
576,LookingForOrg,ap0c,25,6,14,82.6%,112.8,1.71,1.71,25,112.8,,,5
577,LookingForOrg,sterling,17,3,16,73.1%,70.1,1.18,,,,,11,
578,Los Reyes,thamlike,17,1,15,76.0%,71.4,1.07,,,,,,
579,Los Reyes,Ryxxo,26,3,14,70.0%,88.2,1.39,1.39,26,,,12,
580,Unique,dukefissura,29,2,21,82.1%,101.9,1.53,1.53,29,101.9,,,5
581,HellRaisers,w0nderful,21,4,10,80.8%,90.4,1.51,1.51,,90.4,,15,6
582,HellRaisers,w0nderful,20,5,17,74.1%,73.2,1.12,,,,,10,
583,LPSP,NaToSaphiX,22,4,14,80.0%,76.0,1.31,,22,,,11,
584,LPSP,notaN,14,4,16,65.2%,60.6,0.92,,,,,,
585,Eternal Fire,XANTARES,26,6,14,80.0%,105.4,1.66,1.66,26,105.4,,,4
586,Lynn Vision,Starry,28,7,19,78.6%,102.3,1.47,1.47,,102.3,,,
587,HAVU,sLowi,21,9,14,83.3%,94.3,1.46,1.46,,94.3,6,,
588,HAVU,Sm1llee,28,2,15,89.3%,93.9,1.54,1.54,28,,,,
589,Apeks,jkaem,25,3,17,69.6%,98.7,1.45,1.45,25,98.7,,,5
590,LookingForOrg,EspiranTo,30,4,17,72.4%,108.4,1.57,1.57,30,108.4,,,
591,Savage,draken,20,4,5,94.4%,106.4,2.11,2.11,,,,14,6
592,MIBR fe,fly,22,8,22,73.3%,82.1,1.12,,,,,,
593,MIBR,brnz4n,21,2,15,64.0%,84.0,1.24,,21,,,,
594,Liberty,kye,23,3,21,74.1%,81.1,1.14,,23,,,,
595,MIBR,chelo,26,7,18,77.8%,113.9,1.55,,,113.9,,,
596,Sharks,zevy,23,4,11,91.7%,100.1,1.61,1.61,23,100.1,,9,4
597,MIBR,chelo,21,5,13,77.8%,83.3,1.44,1.44,,,,,
598,MIBR,chelo,27,2,18,70.0%,86.1,1.37,1.37,27,,,,6
599,MongolZ,castro,14,3,18,55.0%,88.5,0.95,,,,3,,4
600,1shot,Get_Jeka,14,1,15,52.6%,62.9,0.87,,,,,,
601,1shot,faydett,22,4,20,73.1%,94.8,1.34,1.34,22,94.8,,,7
602,Moon,Ton,14,3,18,61.9%,81.0,0.84,,,,,,
603,Eternal Fire Academy,Kenshin,18,3,17,72.0%,95.1,1.10,,,,,,
604,FURIA Academy,kauez,17,1,16,61.9%,72.3,1.03,,,,,,
605,MOUZ NXT,siuhy,32,5,25,66.7%,88.6,1.28,,,,,,
606,MOUZ NXT,mhL,22,5,20,57.1%,75.2,1.09,,,,,12,
607,MOUZ NXT,mhL,27,2,14,70.8%,108.7,1.69,1.69,27,108.7,,21,
608,MOUZ NXT,mhL,30,5,14,86.2%,95.9,1.59,1.59,30,95.9,,14,6
609,Spirit Academy,KaiR0N-,20,2,19,81.8%,99.0,1.29,,,99.0,,,5
610,MOUZ NXT,siuhy,25,3,19,63.3%,82.8,1.31,,,,,,5
611,MOUZ NXT,JDC,26,1,19,69.0%,84.9,1.20,,26,,,,
612,MOUZ NXT,mhL,26,8,9,82.6%,116.6,1.91,1.91,26,116.6,,18,6
613,MOUZ NXT,mhL,30,4,17,75.0%,90.6,1.44,1.44,30,,,17,
614,GAIJIN,MALI,27,3,17,63.0%,95.2,1.44,,,,,,
615,Natus Vincere,s1mple,36,4,26,73.2%,88.2,1.35,1.35,36,88.2,,17,8
616,Natus Vincere,s1mple,30,4,10,90.0%,133.1,2.21,2.21,30,133.1,,22,
617,Gambit,Ax1Le,17,4,18,55.6%,70.4,0.99,,,,,,
618,Gambit,HObbit,14,1,17,59.1%,64.9,0.81,,,,,,
619,Natus Vincere,electroNic,25,7,11,81.8%,123.5,1.92,1.92,25,123.5,6,,6
620,Natus Vincere,s1mple,33,4,13,92.6%,111.3,1.92,1.92,33,111.3,,,8
621,Natus Vincere,electroNic,21,8,23,71.4%,90.3,1.09,,,,,,
622,Vitality,misutaaa,12,3,19,47.6%,64.6,0.81,,,,,,4
623,NAVI Junior,latt1kk,28,3,17,80.0%,80.1,1.46,1.46,28,,,20,
624,Astralis Talent,Altekz,22,5,18,75.9%,94.0,1.25,,,94.0,5,,
625,NAVI Junior,headtr1ck,17,4,17,58.3%,86.5,1.01,,,,,,
626,BIG Academy,Krimbo,13,4,16,70.0%,79.1,0.92,,,,,,
627,fnatic Rising,kst,43,6,31,77.1%,88.8,1.29,,43,,,,
628,NAVI Junior,headtr1ck,37,2,17,74.1%,136.6,1.97,1.97,37,136.6,,,
629,Nemiga,Jyo,20,3,19,64.0%,94.7,1.25,,,,,,
630,1WIN,deko,19,3,18,73.1%,88.3,1.12,,,88.3,,,
631,1WIN,deko,23,2,6,80.0%,104.1,2.00,2.00,23,104.1,,10,4
632,1WIN,glowiing,24,2,14,87.5%,94.2,1.55,1.55,,,,,5
633,Copenhagen Flames,nicoodoz,7,2,16,43.8%,51.0,0.47,,,,,,
634,ECSTATIC,maNkz,18,7,19,69.0%,72.1,0.97,,,,,,
635,Entropiq,El1an,20,3,13,70.8%,78.8,1.25,,,,,13,
636,HEET,afro,21,2,18,72.4%,81.0,1.30,1.30,,,,12,6
637,HEET,Ex3rcice,9,0,16,58.8%,62.9,0.68,,,,,,
638,Nemiga,iDISBALANCE,17,3,17,60.9%,78.8,0.95,,,,,,
639,Nemiga,iDISBALANCE,15,4,16,68.2%,76.6,1.02,,,,,12,
640,Linx Legacy,notaN,20,3,14,54.5%,101.0,1.45,1.45,,101.0,,,
641,Nemiga,iDISBALANCE,18,3,3,94.7%,105.2,1.94,1.94,,,,12,
642,Nexus,XELLOW,32,9,26,61.0%,81.1,1.16,,,,,,
643,Nexus,lauNX,16,3,19,69.6%,82.7,1.01,,,,,,
644,Nexus,ragga,29,4,13,84.6%,112.3,1.79,1.79,29,112.3,,,
645,NIP,REZ,28,8,21,80.0%,108.2,1.49,1.49,28,108.2,8,,5
646,NIP,phzy,30,5,24,68.6%,85.4,1.18,,,,,12,
647,NIP,hampus,28,5,18,78.6%,100.2,1.44,1.44,28,100.2,,,
648,G2,NiKo,25,3,20,70.4%,103.8,1.41,1.41,25,103.8,,,7
649,G2,huNter-,30,7,28,65.9%,85.0,1.16,1.16,30,,,,
650,NKT,xccurate,18,2,22,57.7%,74.4,0.87,,,,,11,5
651,Enterprise,The eLiVe,13,2,17,65.2%,58.7,0.82,,,,,,
652,Northern Forces,sam,21,1,18,65.4%,87.0,1.08,,,,,,
653,Northern Forces,JAM,22,4,18,87.0%,88.9,1.35,,,,,,5
654,Northern Forces,JAM,21,3,16,76.0%,79.8,1.13,,,,,7,
655,Meinser,hurr1cane,19,2,20,67.9%,68.0,1.04,,,,,14,5
656,Meinser,Atoms,24,1,22,69.0%,87.1,1.14,,,87.1,,,
657,OFFSET,RIZZZ,16,2,16,55.0%,78.4,0.91,,,,,,
658,eSuba,Blogg1s,16,0,16,61.1%,72.9,1.02,,,,,,
659,Into the Breach,Tadpole,24,4,17,77.8%,91.3,1.34,1.34,24,91.3,,,
660,Astralis,blameF,18,3,19,70.8%,80.8,1.16,,,,,,5
661,OG,valde,30,4,11,91.7%,115.2,2.01,2.01,30,115.2,,,7
662,MIBR,Tuurtle,16,1,19,68.0%,70.3,0.89,,,,,,
663,okura,t0kk,25,3,19,70.0%,84.8,1.26,,,,,,
664,okura,t0kk,26,4,22,66.7%,114.1,1.29,,,114.1,,,
665,okura,Woro2k,26,5,21,65.5%,98.4,1.17,,,98.4,,19,
666,okura,1mpact,24,4,27,69.4%,77.6,1.09,,,,,,
667,Omega,gir,24,4,22,70.4%,97.3,1.19,,,97.3,,,
668,ONET4P,Fr3nk1e,21,6,9,90.0%,112.8,1.82,1.82,21,112.8,,,
669,RBG,HexT,22,5,7,94.1%,128.9,2.23,2.23,22,128.9,,,
670,RBG,HexT,29,3,13,85.7%,116.5,1.98,1.98,29,116.5,,,
671,RBG,Walco,27,1,13,78.3%,104.8,1.72,1.72,27,104.8,,,7
672,ONET4P,Elk,23,2,21,76.0%,87.7,1.15,,,87.7,,,
673,ONET4P,walker,23,4,18,71.4%,87.4,1.27,,,,4,,
674,ONET4P,Fr3nk1e,28,4,19,81.5%,96.6,1.47,1.47,28,96.6,,,5
675,Apeks,chawzyyy,23,5,15,75.9%,81.2,1.33,,,,,,
676,Enterprise,manguss,22,2,15,77.8%,88.1,1.32,1.32,22,88.1,,,
677,Enterprise,manguss,22,2,15,77.8%,88.1,1.32,1.32,22,88.1,,,
678,OneTap,smekk-,34,6,27,77.8%,105.8,1.44,1.44,34,105.8,,,
679,OneTap,GEOHYPE,19,2,18,73.1%,81.4,1.07,,,,,,
680,8Ballers,Shoey,7,2,16,43.8%,46.2,0.53,,,,,,
681,ORDER,Valiance,31,3,20,80.0%,111.4,1.45,,31,111.4,,,
682,ORDER,Valiance,31,8,21,83.3%,96.6,1.44,1.44,31,,,,
683,ORDER,Vexite,25,9,19,65.5%,81.4,1.16,,,,,,
684,Paradox,nettik,19,5,19,75.0%,79.8,1.21,,,,,,6
685,VERTEX,apocdud,36,8,29,68.3%,99.3,1.29,1.29,,99.3,,,
686,ChocoCheck,nosraC,21,5,20,62.1%,83.0,1.09,,,,,,
687,Orgless,Infinite,20,7,13,69.6%,91.3,1.38,1.38,,91.3,,,
688,Orgless,Minus,23,2,16,76.0%,70.7,1.26,,,,,12,
689,Hazard,N1ghtraid,26,2,20,70.0%,84.5,1.28,,,,,15,6
690,Overt,SkulL,21,6,20,70.4%,72.6,1.07,,,,,,
691,PACT,lunAtic,24,4,11,82.6%,109.6,1.73,1.73,24,109.6,,,6
692,PACT,Sobol,25,10,22,80.0%,97.8,1.34,1.34,,97.8,,,
693,LDLC,Maka,25,3,14,86.2%,85.4,1.50,1.50,,,,16,
694,Los Reyes,jarko,23,9,17,73.3%,90.4,1.30,,,,9,,
695,Nemiga,BELCHONOKK,23,5,15,75.0%,97.8,1.54,1.54,,,,,
696,PACT,bnox,28,4,18,63.3%,94.2,1.35,1.35,28,,,,6
697,PACT,Sobol,18,2,14,83.3%,95.6,1.22,,,,,,
698,PACT,bnox,31,6,15,89.3%,109.3,1.69,1.69,31,109.3,,,
699,ChocoCheck,jeorgesnorts,21,6,21,65.5%,96.2,1.15,,,,,,
700,ChocoCheck,CLASIA,30,7,22,76.7%,98.6,1.47,1.47,,,,,7
701,Party Astronauts,djay,8,2,18,50.0%,65.8,0.60,,,,,,
702,paiN,saffee,21,2,8,84.2%,107.3,1.80,1.80,21,107.3,,9,
703,paiN,saffee,20,2,20,65.4%,72.0,0.97,,,,,,
704,paiN,hardzao,30,2,13,83.3%,121.0,1.86,1.86,30,121.0,,,4
705,Paradox,DannyG,24,2,6,82.4%,130.6,2.20,2.20,24,130.6,,,4
706,Paradox,chelleos,27,6,15,75.9%,92.9,1.51,1.51,27,92.9,,15,7
707,Paradox,chelleos,15,2,16,70.0%,79.9,1.01,,,,,,4
708,Paradox,chelleos,29,8,26,65.7%,98.1,1.30,1.30,,,,24,9
709,Paradox,nettik,22,7,17,65.5%,83.3,1.26,1.26,,,,,
710,Party Astronauts,PwnAlone,28,1,17,82.1%,94.2,1.46,1.46,28,94.2,,14,6
711,Party Astronauts,Jonji,27,7,27,77.8%,95.8,1.29,,,,,,9
712,Party Astronauts,djay,27,5,7,89.5%,133.9,2.20,2.20,27,133.9,,,
713,Party Astronauts,Infinite,10,5,16,70.0%,60.5,0.83,,,,5,,
714,Party Astronauts,djay,20,2,19,53.6%,72.5,0.95,,,,,,
715,Party Astronauts,cynic,25,1,15,73.3%,74.9,1.19,,25,,,,
716,Party Astronauts,djay,25,5,20,63.3%,83.9,1.19,,,,,,
717,Triumph,cxzi,28,4,20,76.9%,104.7,1.50,1.50,28,104.7,,,
718,Party Astronauts,cynic,30,1,12,81.8%,125.0,1.93,1.93,30,125.0,,,
719,Party Astronauts,ben1337,27,4,16,83.3%,110.8,1.57,1.57,27,110.8,,,
720,ATK,Fadey,20,2,24,61.5%,84.9,1.05,,,,,,7
721,RBG,chop,23,1,22,73.3%,77.1,1.10,,,,,,
722,Paying Myself,Cooper,19,4,17,69.6%,85.8,1.06,,,,,,
723,Protos,filliaN,18,3,17,54.5%,68.5,0.96,,,,,,
724,Protos,R1o,33,4,18,76.5%,100.1,1.54,1.54,,100.1,,21,
725,Protos,space,25,3,10,95.2%,121.8,2.00,2.00,25,121.8,,,6
726,ATK,JAM,24,2,13,84.0%,79.6,1.50,1.50,24,,,12,
727,RBG,jitter,13,4,15,65.2%,61.0,0.93,,,,,,4
728,ChocoCheck,jeorgesnorts,27,8,23,68.6%,89.7,1.22,,,,,,
729,RBG,wiz,31,2,15,77.8%,92.6,1.56,1.56,31,92.6,,25,
730,ChocoCheck,nosraC,20,3,14,69.2%,78.3,1.29,,,,,,
731,RBG,chop,24,9,20,70.6%,92.9,1.23,,,,7,,
732,RBG,jitter,25,7,10,90.0%,134.8,2.06,2.06,25,134.8,7,,7
733,paiN,biguzera,27,1,14,80.0%,106.9,1.69,1.69,27,106.9,,,5
734,paiN,biguzera,25,5,21,73.3%,77.4,1.20,,25,,,,
735,paiN,saffee,19,1,19,82.6%,86.4,1.16,,,,,,
736,paiN,saffee,21,4,13,88.0%,86.6,1.52,1.52,,,,8,
737,Party Astronauts,djay,20,3,9,86.4%,92.1,1.67,1.67,,,,,5
738,Third Impact,grape,18,2,15,59.3%,75.0,1.17,,,,,6,
739,X13,Makzwell,27,5,23,75.9%,101.1,1.35,,27,101.1,,13,6
740,Redragon,lealziNho,22,6,13,87.5%,105.8,1.54,1.54,,,,,
741,Stars Horizon,UnK,21,5,19,66.7%,85.1,1.17,,,,,,
742,Redragon,proSHOW,32,1,23,60.0%,90.0,1.30,,,,,20,
743,Redragon,fp1,15,6,18,63.6%,90.0,0.96,,,,,,
744,SWS,w1,16,3,16,61.9%,96.4,1.17,,,,,,
745,SWS,gbb,21,8,20,80.0%,97.2,1.29,1.29,,97.2,,,
746,Redragon,lealziNho,21,5,18,64.0%,108.2,1.35,,,108.2,,,4
747,Renewal,dobu,28,8,10,87.0%,130.0,2.02,2.02,28,130.0,7,,
748,Renewal,kabal,24,10,20,72.4%,95.7,1.21,,24,95.7,,,
749,Steel Helmet,nighttime,27,5,22,75.0%,115.3,1.40,,,115.3,,,
750,RIP Kobe,droid,33,7,25,85.7%,94.7,1.38,,,,,,
751,B8,kr1vda,22,3,12,84.6%,86.0,1.45,1.45,22,,,,
752,B8,DemQQ,23,10,22,66.7%,83.9,1.18,,,,,,
753,Run or Die,SENSEi,25,3,14,84.6%,95.9,1.63,1.63,25,,,18,8
754,Run or Die,Psycho,21,5,13,66.7%,89.5,1.36,1.36,,89.5,5,,
755,EC Kyiv,s4,16,2,16,68.2%,79.6,1.19,,,,,,
756,Young Ninjas,Sapec,30,7,24,88.9%,93.8,1.39,1.39,30,,,,
757,Young Ninjas,Jackinho,19,6,10,79.2%,67.7,1.46,1.46,19,,,11,6
758,AGO,mwlky,24,2,21,72.4%,71.6,1.19,,,,,14,7
759,Savage,grux,24,5,22,66.7%,91.7,1.20,1.20,24,,,,7
760,Savage,PlesseN,32,10,23,82.9%,106.6,1.49,1.49,32,106.6,,,6
761,Savage,draken,25,4,16,76.9%,93.8,1.31,1.31,25,93.8,,14,
762,Savage,PlesseN,25,3,11,77.3%,112.8,1.78,1.78,25,112.8,,,5
763,MOUZ NXT,xertioN,24,2,14,86.4%,109.7,1.53,1.53,24,109.7,,,
764,Nemiga,boX,26,4,23,76.7%,85.1,1.28,1.28,26,,,,9
765,Nemiga,iDISBALANCE,18,9,17,80.0%,81.7,1.28,1.28,,,6,,7
766,Savage,grux,21,5,13,84.2%,109.9,1.53,1.53,21,109.9,,,
767,SAW,MUTiRiS,17,13,7,87.5%,79.4,1.50,1.50,,,,,
768,Sprout,slaxz-,26,7,13,76.0%,118.6,1.80,1.80,26,118.6,,17,7
769,Unique,sorrow,23,5,19,71.4%,81.4,1.17,,,,,,
770,Unique,smiley,15,1,16,65.0%,69.2,1.08,,,,,,6
771,SAW,MUTiRiS,17,2,15,70.4%,74.7,1.07,,,,,,
772,1WIN,deko,22,6,10,83.3%,111.0,1.69,1.69,22,111.0,,11,5
773,Dignitas,Lekr0,23,3,17,78.6%,89.6,1.27,1.27,,,,,
774,Dignitas,hallzerk,20,3,13,76.2%,92.1,1.54,1.54,20,92.1,,6,7
775,EC Kyiv,amster,15,8,13,83.3%,61.2,1.13,,,,,,
776,EC Kyiv,amster,15,8,13,83.3%,61.2,1.13,,,,,,
777,SAW,rmn,23,4,15,75.0%,100.4,1.47,1.47,23,100.4,,,
778,SAW,rmn,23,2,18,82.1%,82.6,1.21,,,,,,
779,LDLC,hAdji,22,2,16,77.3%,97.1,1.38,,22,,,,
780,MOUZ NXT,siuhy,25,3,10,78.3%,104.2,1.74,1.74,25,104.2,,,
781,Savage,draken,19,3,19,75.0%,69.4,1.03,,,,,,
782,Savage,twist,12,0,16,47.4%,69.1,0.79,,,,,,
783,SAW,MUTiRiS,22,2,13,75.0%,100.1,1.45,1.45,22,100.1,,,
784,SAW,rmn,24,5,14,78.6%,92.7,1.41,1.41,24,,,,
785,SAW,rmn,19,3,20,75.0%,68.2,1.00,,,,,,
786,SAW,arki,11,2,17,52.6%,67.5,0.71,,,,,,3
787,SAW,stadodo,29,3,11,92.3%,100.2,1.73,1.73,29,,,10,
788,SAW,rmn,13,3,17,60.9%,81.8,0.93,,,,,,
789,SAW,arki,24,4,9,90.9%,105.9,1.73,1.73,24,105.9,,,
790,MIBR,exit,33,0,20,74.3%,89.9,1.38,1.38,33,89.9,,,5
791,Sharks,pancc,30,3,18,79.3%,89.2,1.48,1.48,30,,,,5
792,SWS,Gafolo,33,5,23,77.8%,81.6,1.43,1.43,33,,,28,8
793,SWS,Gafolo,19,8,16,73.3%,64.8,1.09,,,,,,
794,1shot,FpSSS,24,4,17,73.3%,80.0,1.28,1.28,24,,,13,
795,1shot,GreK,30,6,23,73.3%,106.0,1.40,,30,106.0,,,
796,SINNERS,NEOFRAG,21,6,12,82.1%,75.7,1.36,1.36,21,,,,6
797,Copenhagen Flames,roeJ,25,10,24,83.3%,107.6,1.37,,,107.6,10,,5
798,SAW,JUST,12,3,15,69.6%,72.9,1.04,,,,,,
799,SAW,rmn,26,2,14,70.8%,101.8,1.56,1.56,26,101.8,,,
800,SINNERS,SHOCK,22,5,19,60.7%,81.3,1.16,,,,5,,
801,SINNERS,SHOCK,24,3,14,95.7%,106.1,1.74,1.74,24,106.1,,,
802,SKADE,dream3r,23,4,20,70.0%,87.3,1.14,,,87.3,,,
803,SKADE,Rainwaker,18,4,19,62.5%,93.0,1.04,,,,,,
804,SKADE,Rainwaker,17,5,14,69.6%,72.7,1.08,,,,,,
805,GamerLegion,eraa,14,5,13,76.2%,71.3,1.07,,,,,,
806,SKADE,SHiPZ,22,5,15,80.8%,99.1,1.43,1.43,22,99.1,,,
807,SKADE,SHiPZ,28,4,22,65.9%,79.7,1.25,1.25,,,,,9
808,SKADE,SHiPZ,21,3,15,73.3%,78.9,1.29,1.29,,,,,
809,Wisla Krakow,Goofy,23,4,13,75.0%,87.6,1.41,1.41,23,,,,
810,Wisla Krakow,Sobol,15,3,18,68.4%,91.1,1.00,,,,,,
811,Spirit Academy,KaiR0N-,24,3,17,79.2%,110.6,1.49,1.49,24,110.6,,,
812,FURIA Academy,kauez,16,3,19,60.0%,66.9,0.92,,,,,,
813,MOUZ NXT,mhL,19,4,18,69.6%,92.5,1.20,,,,,,
814,VP.Prodigy,delus1onn,26,4,15,82.1%,87.5,1.57,1.57,26,,,22,6
815,Spirit Academy,zont1x,23,4,11,82.8%,77.3,1.30,1.30,23,,,,
816,Sprout,slaxz-,29,2,15,74.1%,105.9,1.70,1.70,29,105.9,,21,9
817,Sprout,Marix,25,2,14,85.7%,114.1,1.77,1.77,25,114.1,,,5
818,BLINK,gxx-,17,3,19,62.5%,74.3,0.91,,,,,,
819,Sprout,raalz,37,19,34,77.1%,82.6,1.19,,,,,,
820,Sprout,raalz,23,5,15,81.5%,90.7,1.39,1.39,,,,,
821,Endpoint,Surreal,22,2,21,72.4%,79.6,1.10,,,,,,
822,Endpoint,BOROS,29,3,27,62.9%,82.8,0.99,,,,,,
823,Sprout,Spiidi,21,2,6,95.7%,95.5,1.77,1.77,,,,,
824,Sprout,Marix,25,5,16,76.9%,105.5,1.53,1.53,25,105.5,,,
825,Sprout,faveN,33,4,19,86.2%,106.9,1.64,1.64,33,106.9,,,
826,GamerLegion,iM,42,7,34,68.1%,98.0,1.28,1.28,42,98.0,,,
827,Sprout,raalz,16,5,18,65.2%,85.2,0.92,,,,,,
828,Sprout,Spiidi,19,2,17,50.0%,86.6,1.03,,,,,,
829,Sprout,Staehr,24,2,13,69.2%,92.3,1.43,1.43,24,92.3,,,
830,Sprout,Spiidi,17,8,18,81.5%,92.0,1.21,,,92.0,8,,
831,Stars Horizon,UnK,21,5,8,85.0%,101.3,1.76,1.76,21,101.3,,,
832,Stars Horizon,vLa,30,4,12,80.8%,107.0,1.82,1.82,30,,,,8
833,ELEVATE,naitte,20,6,19,66.7%,111.7,1.40,,,111.7,6,,6
834,ELEVATE,koala,31,4,14,80.8%,116.2,1.76,1.76,31,116.2,,,
835,Stars Horizon,lukz,20,2,18,65.4%,68.1,1.00,,,,,,
836,Steel Helmet,Ayeon,15,0,17,65.0%,77.2,0.93,,,,,,
837,Steel Helmet,nighttime,24,4,15,79.2%,106.6,1.52,1.52,24,106.6,,,5
838,Steel Helmet,nighttime,22,2,18,69.6%,99.9,1.29,,22,,,,
839,Strife,J0LZ,24,1,22,57.1%,90.2,1.22,,,,,,6
840,Strife,stamina,20,9,13,76.9%,97.0,1.43,1.43,,97.0,6,,
841,Orgless,daps,39,8,26,85.0%,99.0,1.46,1.46,39,99.0,,,
842,Party Astronauts,cynic,24,6,11,88.0%,89.0,1.64,1.64,24,,,,4
843,Strife,J0LZ,27,6,11,95.2%,132.0,2.05,2.05,27,132.0,,,7
844,Third Impact,Danejoris,9,3,15,55.6%,71.9,0.89,,,,,,
845,Strife,J0LZ,24,1,9,86.4%,90.5,1.64,1.64,24,,,,
846,Strife,SLIGHT,29,4,9,84.0%,113.2,1.85,1.85,29,113.2,,21,
847,Strife,SATURN,23,4,20,70.0%,75.0,1.16,,,,,,6
848,Valors,droid,14,1,20,50.0%,65.2,0.79,,,,,,
849,Black Dragons,detr0ittJ,22,10,21,70.0%,74.1,1.13,,22,,,9,
850,Black Dragons,fREQ,20,5,17,85.2%,89.4,1.28,,20,89.4,,,4
851,ELEVATE,naitte,25,1,14,82.6%,121.9,1.84,1.84,25,121.9,,,5
852,ELEVATE,koala,25,1,20,70.4%,82.9,1.13,,,,,,
853,Liberty,remix,21,5,14,75.0%,73.1,1.25,,,,,12,
854,Liberty,remix,26,12,18,76.7%,103.1,1.49,1.49,,103.1,11,,
855,MIBR,boltz,16,4,5,91.7%,71.5,1.60,1.60,,,,,
856,Redragon,proSHOW,31,12,26,62.9%,96.5,1.32,1.32,31,96.5,,27,8
857,Redragon,proSHOW,30,10,9,83.3%,106.5,2.00,2.00,30,106.5,,21,6
858,SWS,gbb,26,8,22,75.9%,101.2,1.35,,,101.2,6,,
859,Redragon,proSHOW,24,2,7,84.2%,110.7,2.11,2.11,24,,,13,6
860,SWS,chay,24,6,20,75.0%,91.4,1.30,,,,,,7
861,Checkmate,bLitz,21,4,8,75.0%,83.5,1.58,1.58,21,83.5,,,
862,Team Buster,almazer,20,3,17,59.1%,76.5,1.01,,,,,,
863,Team Evelone192,poka,22,4,12,81.8%,106.0,1.65,1.65,,106.0,4,,
864,Team Evelone192,poka,25,3,11,95.2%,115.8,1.80,1.80,25,115.8,,,
865,Team Evelone192,deko,25,6,8,85.7%,122.0,2.02,2.02,25,122.0,5,10,5
866,Team StRoGo,Ax1Le,27,2,20,67.6%,89.3,1.28,,,89.3,,,6
867,Team StRoGo,ANASTAZE,25,8,20,79.3%,113.1,1.47,1.47,,113.1,,,
868,Team Evelone192,Aunkere,26,8,25,74.3%,91.2,1.17,,,,,,
869,Team Evelone192,Aunkere,28,4,18,73.3%,94.8,1.41,,,,,,
870,Team Shoke,Krad,25,2,10,80.0%,116.5,1.88,1.88,25,116.5,,,
871,Team Shoke,Shoke,19,2,19,63.3%,67.1,1.01,,,,,,
872,Team Buster,xsepower,24,6,12,85.2%,89.9,1.52,1.52,,,,14,
873,Team Buster,n0rb3r7,34,6,21,70.0%,102.9,1.60,1.60,34,102.9,,,9
874,Team Shoke,Krad,18,6,19,69.2%,82.8,1.15,,,,,,
875,Team Shoke,X5G7V,37,2,15,88.0%,123.7,1.91,1.91,37,123.7,,,
876,Team Shoke,X5G7V,20,7,22,67.9%,91.4,1.17,1.17,,91.4,,,5
877,ChocoCheck,nosraC,23,9,23,90.0%,92.8,1.28,1.28,,92.8,9,,
878,paiN,saffee,23,3,15,73.1%,100.0,1.50,1.50,23,100.0,,10,5
879,ATK,MisteM,23,4,18,63.0%,85.9,1.14,,,,,,
880,Northern Forces,sam,28,4,17,71.4%,90.6,1.40,1.40,28,90.6,,,
881,Third Impact,grape,18,3,20,66.7%,81.1,1.03,,,,,,
882,Third Impact,Danejoris,21,1,17,67.9%,78.5,1.15,,,,,,
883,Tricked,kiR,19,1,17,72.0%,72.3,1.09,,,,,,
884,Dignitas,f0rest,19,5,14,80.0%,71.1,1.25,,,,,,
885,Eternal Fire,XANTARES,29,1,6,90.0%,125.7,2.30,2.30,29,125.7,,,
886,Tricked,IceBerg,18,2,19,60.9%,89.8,1.01,,,,,,
887,Tricked,PR1mE,24,2,16,66.7%,107.9,1.49,,24,,,,
888,Tricked,PR1mE,20,6,18,80.0%,76.0,1.26,,,,,,7
889,Tricked,kwezz,35,2,17,75.9%,108.0,1.66,1.66,35,108.0,,,
890,MOUZ NXT,xertioN,18,6,12,80.8%,80.7,1.42,1.42,,,5,,
891,OneTap,ADRON,17,3,16,76.2%,92.1,1.16,,,,,,
892,SAW,stadodo,23,5,7,95.0%,107.9,2.08,2.08,23,107.9,,9,5
893,Sprout,raalz,18,8,15,75.0%,77.0,1.38,1.38,,,4,,5
894,Sprout,Marix,23,4,22,76.7%,82.7,1.19,,,,,,
895,Tricked,larsen,26,4,19,58.6%,103.2,1.26,,,103.2,,,
896,Tricked,larsen,34,0,22,66.7%,110.4,1.55,1.55,34,110.4,,27,
897,Tricked,larsen,34,0,22,66.7%,110.4,1.55,1.55,34,110.4,,27,
898,Wisla Krakow,SZPERO,24,2,13,81.0%,115.9,1.75,1.75,24,115.9,,,
899,Triumph,xCeeD,12,2,16,57.1%,69.6,0.84,,,,,,4
900,Triumph,cxzi,20,8,20,66.7%,90.6,1.14,,,,,9,
901,Entropiq,El1an,22,8,12,87.5%,89.2,1.47,1.47,22,,,12,
902,Entropiq,El1an,24,0,10,75.0%,108.7,1.85,1.85,24,,,10,
903,TYLOO,Summer,27,10,20,77.1%,90.0,1.27,1.27,,,,,
904,Anonymo,Snax,21,7,20,66.7%,87.7,1.16,,,,7,,
905,Anonymo,innocent,26,5,20,72.4%,103.2,1.38,1.38,26,103.2,,,
906,UNGENTIUM,GruBy,28,3,15,64.3%,97.0,1.50,1.50,28,,,,
907,GMT,DavCost,17,8,19,63.0%,87.4,1.03,,,,,,
908,GMT,JIaYm,33,7,18,90.0%,122.1,1.84,1.84,33,122.1,7,,5
909,UNGENTIUM,EXUS,26,4,19,65.5%,92.9,1.37,,26,92.9,,,5
910,UNGENTIUM,GruBy,20,0,14,54.5%,90.9,1.11,,20,90.9,,,
911,UNGENTIUM,Sidney,24,6,17,71.4%,89.2,1.29,1.29,,,,,
912,Dignitas,HEAP,25,4,11,77.3%,121.1,1.88,1.88,25,121.1,4,,
913,Endpoint,BOROS,24,5,16,85.7%,117.8,1.71,1.71,24,117.8,5,,
914,Eternal Fire,woxic,33,9,21,75.0%,94.9,1.39,1.39,33,94.9,,,
915,Finest,kreaz,40,3,30,68.8%,89.2,1.27,,,,,,7
916,GamerLegion,iM,23,7,22,72.4%,102.0,1.22,,,102.0,7,,
917,GamerLegion,RuStY,15,10,16,65.4%,73.3,1.06,,,,,,
918,hxh,ROCKET,24,3,19,71.4%,86.0,1.31,,,,,,8
919,Unique,dukefissura,21,4,25,65.5%,83.4,1.10,,,,,,8
920,Unique,dukefissura,30,2,17,73.1%,102.5,1.47,1.47,30,102.5,,,
921,Unique,icem4N,27,4,18,69.2%,107.6,1.38,,27,107.6,,,
922,MOUZ NXT,JDC,21,6,12,80.0%,87.6,1.37,1.37,,,4,,
923,Unique,dukefissura,25,7,18,84.0%,115.0,1.50,1.50,25,115.0,7,,
924,SAW,rmn,23,8,17,77.8%,89.1,1.40,1.40,23,,,,
925,Valors,robby,20,3,18,70.8%,98.4,1.29,,,,,,4
926,Detonate,Delta9,12,3,16,61.1%,80.8,0.97,,,,,,
927,Northern Forces,D4rtyMontana,14,1,16,63.6%,80.4,0.95,,,,,,
928,ONET4P,Elk,23,5,18,82.1%,83.7,1.34,1.34,,,,,
929,Strife,J0LZ,26,7,22,73.3%,101.5,1.27,,26,101.5,7,,
930,Valors,droid,16,4,18,65.2%,68.9,0.98,,,,,,5
931,X13,aris,26,9,19,80.0%,98.9,1.38,1.38,26,98.9,,,5
932,eXploit,Stepa,22,3,14,89.7%,73.9,1.39,1.39,,,,,5
933,GameAgents,bajmi,20,1,19,56.0%,92.2,1.08,,,,,,
934,VELOX,TiN,28,1,18,66.7%,104.1,1.39,,28,,,,
935,VERTEX,ADDICT,22,7,12,88.9%,87.9,1.42,1.42,22,87.9,,,
936,VERTEX,ADDICT,26,3,24,55.6%,67.3,1.03,,,,,,
937,LookingForOrg,Liki,19,6,19,73.3%,81.9,1.21,,,,,,
938,LookingForOrg,Liki,17,1,17,58.3%,86.8,1.11,,,,,,
939,VERTEX,pz,21,8,17,59.3%,81.8,1.19,,,,,,
940,VERTEX,BRACE,32,7,27,69.4%,97.8,1.17,,,,,,
941,Overt,damyo,13,5,15,70.8%,62.7,0.99,,,,,,
942,ViCi,aumaN,27,8,16,91.3%,140.1,2.06,2.06,27,140.1,8,,8
943,TYLOO,SLOWLY,18,5,20,68.0%,81.8,1.00,,,,,,
944,TYLOO,SLOWLY,15,6,21,72.0%,89.7,1.06,,,,6,,5
945,Eros,BeaKie,36,6,20,76.5%,110.9,1.61,1.61,36,110.9,,,
946,Party Astronauts,cynic,18,6,14,85.0%,110.0,1.51,1.51,,110.0,,,
947,Paying Myself,ERIC,26,6,22,78.6%,110.9,1.47,1.47,,110.9,6,,
948,Vitality,misutaaa,24,3,8,85.0%,131.6,2.01,2.01,24,131.6,,,
949,Vitality,apEX,24,6,9,84.2%,146.5,2.11,2.11,24,146.5,5,,
950,G2,AMANEK,24,3,19,58.6%,79.4,1.13,,24,,,13,
951,Gambit,Ax1Le,19,6,18,79.3%,84.7,1.28,,,,,,
952,Vitality,ZywOo,19,7,20,64.3%,79.4,1.03,,,,6,3,
953,voLante,garret,29,5,19,80.0%,93.8,1.33,,29,,,,
954,ONET4P,Fr3nk1e,26,2,16,74.1%,92.6,1.46,1.46,26,,,,5
955,voLante,taiwi,31,5,18,79.3%,99.0,1.47,1.47,31,99.0,,,
956,voLante,garret,24,6,18,66.7%,107.5,1.33,,24,107.5,,,
957,Eternal Fire Academy,fola,25,1,16,67.9%,78.4,1.29,1.29,25,,,,
958,Eternal Fire Academy,duggyversus,34,8,28,75.6%,85.3,1.20,,,,,,6
959,FURIA Academy,kauez,29,5,19,63.3%,98.0,1.42,1.42,29,98.0,,,
960,FURIA Academy,decenty,20,2,17,73.3%,72.6,1.11,,,,,,
961,FURIA Academy,kauez,17,1,18,45.5%,85.2,1.05,,,,,,
962,VP.Prodigy,delus1onn,15,5,16,60.9%,72.5,0.95,,,,,,
963,Spirit Academy,ArtFr0st,27,3,10,76.9%,86.7,1.70,1.70,27,,,17,
964,Spirit Academy,ArtFr0st,27,3,10,76.9%,86.7,1.70,1.70,27,,,17,
965,Spirit Academy,S0tF1k,26,6,16,79.2%,114.1,1.58,1.58,26,114.1,6,,
966,777,mikki,22,4,17,70.0%,64.3,1.17,,,,,,
967,777,mikki,12,3,16,57.1%,61.9,0.80,,,,,,
968,AGO,mwlky,9,0,19,35.0%,66.7,0.62,,,,,,
969,Apeks,jkaem,18,2,18,61.9%,95.1,1.12,,,,,,
970,BLINK,juanflatroo,14,2,18,54.5%,82.7,0.93,,,,,,
971,Wisla Krakow,snatchie,26,4,16,70.0%,91.7,1.44,1.44,26,91.7,,16,7
972,Wisla Krakow,snatchie,25,5,10,95.2%,121.6,1.97,1.97,25,121.6,5,14,6
973,Wisla Krakow,Sobol,19,5,14,83.3%,78.4,1.22,,,,,,
974,Wisla Krakow,snatchie,26,6,23,66.7%,81.0,1.35,1.35,,,,21,12
975,Wisla Krakow,Sobol,23,3,12,73.1%,91.8,1.46,1.46,,91.8,,,
976,FURIA,drop,21,3,19,66.7%,90.2,1.13,,,,,,
977,Wisla Krakow,Goofy,25,4,8,84.2%,118.7,1.93,1.93,25,118.7,,,
978,LookingForOrg,EspiranTo,19,2,19,82.6%,100.8,1.21,,,,,,
979,SINNERS,SHOCK,27,3,14,72.4%,93.2,1.52,1.52,27,93.2,,,
980,Wisla Krakow,snatchie,23,2,16,77.8%,98.8,1.45,1.45,,98.8,,17,7
981,Tricked,larsen,28,3,12,82.4%,79.4,1.43,1.43,,,,23,
982,Wisla Krakow,Sobol,31,1,13,81.5%,104.7,1.68,1.68,31,104.7,,,
983,ATK,Fadey,26,4,15,73.9%,115.7,1.63,1.63,26,115.7,,,3
984,Detonate,Ghostii,25,6,17,76.0%,113.4,1.57,1.57,25,113.4,,,
985,MIBR,JOTA,18,1,7,88.9%,95.6,1.86,1.86,,,,,
986,Third Impact,Danejoris,23,6,19,77.8%,108.6,1.36,,,,,,
987,Third Impact,JoJo,15,6,18,52.2%,76.4,0.91,,,,,,
988,X13,aris,24,4,19,67.9%,100.2,1.28,1.28,24,100.2,,,4
989,X13,Makzwell,17,5,17,58.3%,77.0,1.02,,,,,5,
990,voLante,GRAHAM,18,4,20,70.8%,82.6,1.06,,,,,,
991,Astralis Talent,vigg0,20,8,21,70.0%,92.0,1.20,,,,,,
992,Young Ninjas,phzy,21,7,22,75.0%,75.6,1.02,,,,,11,
993,Young Ninjas,Sapec,21,9,22,80.0%,99.9,1.21,,,99.9,,,
994,Young Ninjas,Sapec,19,2,17,65.2%,79.5,1.08,,,,,,
995,fnatic Rising,Peppzor,20,2,21,70.4%,75.8,1.08,,,,,,
996,LPSP,NaToSaphiX,24,4,12,84.6%,93.4,1.60,1.60,24,93.4,,8,
997,Young Ninjas,Ro1f,32,0,21,85.3%,91.2,1.39,1.39,32,,,,
998,Young Ninjas,Jackinho,18,5,21,66.7%,80.3,1.11,,,,,,7
